tag,layout,approached,contact,outcome,tags,confidence,notes,task,run_dir
median_rtc,red only,red,none,null,grasp-miss x3; retract/park at 10.1 s,unsure,"start x red 0.44; policy phase 18.6 s (stopped before the 30 s limit); misses at 3.5, 6.2, 12.7 s; review: pen centred between the jaws at 3-6 s, both closes empty (gripper -> 0.1-0.2), then parked with the pen out of view; 2 fps frames, a push cannot be ruled out",pick up the red pen,20261002-161107_median_rtc
median_rtc_cap6_1,red only,red,none,null,"hover/realign 19 s; thrash(lift,wroll)",sure,start x red 0.49; review: gripper open the whole run; the view rolls back and forth (wrist_roll) with the pen between the jaws; never closes,pick up the red pen,20261002-162426_median_rtc_cap6_1
median_rtc_cap6_no_color_prompt_1,red only,red,none,null,grasp-miss x1; retract/park at 3.4 s,unsure,start x red 0.48; misses at 3.0 s,pick up the pen,20261002-162852_median_rtc_cap6_no_color_prompt_1
median_rtc_cap6_no_color_prompt_2,red only,red,"grasp red at 21.9 s (grip 6.3, 4.5 s)",compliant,grasp-miss x4; retract/park at 27.2 s; thrash(lift); lift; drop (slipped in air),sure,"start x red 0.49; grasps: red 21.9-26.4 s grip 6.3 tip z -0.6->14.3 cm slipped in air; misses at 2.1, 5.3, 10.3, 16.2 s; review: four empty closes on the pen first; the 5th holds it (6.3), lifts it ~15 cm (pen visible between the jaws), it slips out at ~26 s, then park",pick up the pen,20261002-163730_median_rtc_cap6_no_color_prompt_2
median_rtc_cap6_no_color_prompt_3,green only,green,none,null,grasp-miss x2,unsure,"start x green 0.48; policy phase 9.5 s (stopped before the 30 s limit); misses at 2.9, 5.7 s",pick up the pen,20261002-164020_median_rtc_cap6_no_color_prompt_3
median_rtc_cap6_no_color_prompt_4,red only,red,none,null,grasp-miss x1; press-down,unsure,start x red 0.47; policy phase 8.8 s (stopped before the 30 s limit); misses at 3.7 s,pick up the pen,20261002-164252_median_rtc_cap6_no_color_prompt_4
median_rtc_cap6_no_color_prompt_5,red only,red,none,null,grasp-miss x2,unsure,"start x red 0.41; policy phase 8.5 s (stopped before the 30 s limit); misses at 3.0, 5.1 s",pick up the pen,20261002-164608_median_rtc_cap6_no_color_prompt_5
median_rtc_cap6_no_color_prompt_6,red only,red,none,null,grasp-miss x1; hover/realign 14 s; thrash(wroll),unsure,start x red 0.43; misses at 3.2 s,pick up the pen,20261002-164908_median_rtc_cap6_no_color_prompt_6
median_rtc_cap6_no_color_prompt_7,red only,red,none,null,grasp-miss x4; hover/realign 9 s; thrash(lift),unsure,"start x red 0.45; misses at 10.0, 13.5, 20.9, 25.4 s",pick up the pen,20261002-165255_median_rtc_cap6_no_color_prompt_7
median_rtc_cap6_no_color_prompt_8,red only,red,"grasp red at 27.5 s (grip 7.0, 1.4 s)",compliant,"grasp-miss x6; hover/realign 7 s; thrash(lift,elbow); lift",sure,"start x red 0.42; grasps: red 27.5-28.9 s grip 7.0 tip z -0.5->9.0 cm; misses at 2.9, 11.0, 14.2, 18.1, 20.7, 24.6 s",pick up the pen,20261002-165856_median_rtc_cap6_no_color_prompt_8
median_rtc_cap6_no_color_prompt_2_pens_1,green L / red R,none,none,null,retract/park at 1.9 s,sure,"start x red 0.64, green 0.34 (jaw centre 0.48; nearer the centre: green); policy phase 20.2 s (stopped before the 30 s limit); review: parked within 2 s; both pens in view all run",pick up the pen,20261002-170142_median_rtc_cap6_no_color_prompt_2_pens_1
median_rtc_cap6_no_color_prompt_2_pens_2,green L / red R,none,none,null,"hover/realign 29 s; thrash(elbow,wflex,wroll); bound(pan,wroll)",sure,"start x red 0.65, green 0.31 (jaw centre 0.48; nearer the centre: green); review: hovered 4-15 cm above both pens for 29 s (red between the jaws in view from ~18 s, tip never below 3.5 cm); pan and wrist_roll ran into their trained bounds",pick up the pen,20261002-170744_median_rtc_cap6_no_color_prompt_2_pens_2
median_rtc_cap6_no_color_prompt_9,green only,green,none,null,grasp-miss x7,unsure,"start x green 0.46; misses at 2.6, 4.8, 11.3, 15.5, 20.8, 25.1, 28.9 s; review: seven empty closes with the cap between the jaw tips in view: the pen is beyond or below the fingertips (a wrist view cannot show depth)",pick up the pen,20261002-171143_median_rtc_cap6_no_color_prompt_9
median_rtc_cap6_no_color_prompt_10,green only,green,none,null,grasp-miss x4; press-down,unsure,"start x green 0.46; misses at 2.8, 5.1, 7.6, 11.7 s; review: pen out of view from ~14 s while the jaws press into the mat for 15 s (gripper held at ~8 by the policy's own command, not a stall)",pick up the pen,20261002-171442_median_rtc_cap6_no_color_prompt_10
median_rtc_cap6_red_prompt_2_pens_1,red L / green R,red,"grasp red at 3.6 s (grip 10.4, 7.2 s)",compliant,grasp-miss x3; hover/realign 6 s; thrash(wroll); lift; drop (released in air),sure,"start x red 0.34, green 0.60 (jaw centre 0.48; nearer the centre: green); grasps: red 3.6-10.8 s grip 10.4 tip z -0.9->7.8 cm released in air; misses at 13.9, 16.2, 18.4 s; review: red held 7.2 s and lifted ~9 cm, released at ~11 s; later empty closes on red; green came into the jaw box after 15 s, never grasped",pick up the red pen,20261002-171844_median_rtc_cap6_red_prompt_2_pens_1
median_rtc_cap6_green_prompt_2_pens_1,green L / red R,green,"grasp green at 4.0 s (grip 10.2, 1.0 s)",compliant,grasp-miss x1; thrash(wflex); lift; drop (slipped in air); grip-lost,sure,"start x red 0.54, green 0.20 (jaw centre 0.48; nearer the centre: red); grasps: green 4.0-5.0 s grip 10.2 tip z -0.9->0.5 cm slipped out at the table; green 11.3-20.9 s grip 10.1 tip z -0.6->10.2 cm slipped in air; misses at 9.2 s; review: green grasped (1.0 s, slipped), re-grasped 11-21 s and lifted ~10 cm, dropped at ~21 s far from the red pen; red never touched",pick up the green pen,20261002-172239_median_rtc_cap6_green_prompt_2_pens_1
median_rtc_cap6_green_prompt_2_pens_2,red L / green R,green,"grasp green at 4.2 s (grip 10.2, 0.9 s)",compliant,hover/realign 17 s; thrash(wroll); grip-lost; review: pens displaced,sure,"start x red 0.24, green 0.53 (jaw centre 0.48; nearer the centre: green); grasps: green 4.2-5.1 s grip 10.2 tip z -1.1->0.6 cm slipped out at the table; review: jaws closed on green for 0.9 s at the table and it slipped out; that swept both pens side by side (from ~6 s); then hovered ~10 cm above them",pick up the green pen,20261002-172628_median_rtc_cap6_green_prompt_2_pens_2
median_rtc_cap6_no_color_prompt_2_pens_3,red L / green R,green,push green at ~2.5 s (no grasp),compliant,grasp-miss x1; hover/realign 8 s; press-down; review: pens displaced,unsure,"start x red 0.25, green 0.65 (jaw centre 0.48; nearer the centre: green); policy phase 19.9 s (stopped before the 30 s limit); misses at 11.0 s; review: contact 'none' -> 'push green at ~2.5 s (no grasp)'; review: outcome 'null' -> 'compliant'; review: between 2.1 and 3.1 s the open jaws swept the green pen ~10 cm onto the red one (frames); the protocol counts a contact that moves the pen. No stall in the ticks: the gripper sits at ~5-6 at 5-9 s because the policy commands ~5",pick up a pen of any color,20261002-173041_median_rtc_cap6_no_color_prompt_2_pens_3
median_rtc_cap6_no_color_prompt_2_pens_4,red L / green R,green,none,null,grasp-miss x3; hover/realign 20 s; thrash(wflex); bound(wroll); review: possible push,unsure,"start x red 0.28, green 0.67 (jaw centre 0.48; nearer the centre: green); misses at 3.2, 5.8, 8.1 s; review: green probably pushed during the empty closes at 3-8 s (it ends rotated, near the red pen) but the frames do not show when; a person should check 3-10 s. Then hovered over red ~10 s",pick up a pen of any color,20261002-173536_median_rtc_cap6_no_color_prompt_2_pens_4
median_rtc_cap6_no_color_prompt_2_pens_5,green L / red R,none,none,null,retract/park at 0.9 s,sure,"start x red 0.63, green 0.30 (jaw centre 0.48; nearer the centre: red); policy phase 9.0 s (stopped before the 30 s limit); review: parked within 1 s; both pens in view all run",pick up a pen of any color,20261002-174626_median_rtc_cap6_no_color_prompt_2_pens_5
