tag,task,cap_deg,mode,pairs,overlap_steps,q_median,drop_median,aligned_pct,guided_deg,unguided_deg,unguided_pan_deg,unguided_lift_deg,unguided_elbow_deg,unguided_wflex_deg,unguided_wroll_deg,seam_wroll_deg,tip_guided_mm,tip_unguided_mm,tip_seam_mm,track_deg,clip_pct,flip_wroll_pct,n_hover,unguided_deg_hover,unguided_wroll_deg_hover,tip_unguided_mm_hover,track_deg_hover,track_wroll_deg_hover,clip_pct_hover,n_other,unguided_deg_other,unguided_wroll_deg_other,tip_unguided_mm_other,track_deg_other,track_wroll_deg_other,clip_pct_other,n_grasp,unguided_deg_grasp,unguided_wroll_deg_grasp,tip_unguided_mm_grasp,track_deg_grasp,track_wroll_deg_grasp,clip_pct_grasp
median_rtc,pick up the red pen,4.0,tick matching,48,19,11,11,100,0.08,1.3,0.7,0.8,0.8,0.6,1.2,1.1,0.4,5.0,5.4,1.1,0,77,0,,,,,,,25,2.6,2.1,9.1,1.5,1.0,0,0,,,,,,
median_rtc_cap6_1,pick up the red pen,6.0,tick matching,60,16,14,14,100,0.24,6.0,2.4,4.0,3.7,3.7,6.5,7.1,1.0,18.7,20.5,4.2,43,64,40,6.5,7.0,23.5,4.7,6.0,47,20,4.3,4.8,14.5,2.8,2.7,25,0,,,,,,
median_rtc_cap6_no_color_prompt_1,pick up the pen,6.0,tick matching,61,16,14,14,98,0.03,0.3,0.2,0.2,0.2,0.2,0.4,0.4,0.2,1.6,1.5,0.5,0,70,0,,,,,,,5,7.7,5.9,27.2,5.4,2.9,53,0,,,,,,
median_rtc_cap6_no_color_prompt_2,pick up the pen,6.0,tick matching,69,17,13,13,99,0.18,2.6,1.3,3.5,1.1,2.0,1.6,1.5,0.8,11.0,11.6,1.8,0,76,0,,,,,,,52,2.4,1.5,10.1,1.6,0.8,0,11,5.5,3.1,20.5,3.2,1.6,25
median_rtc_cap6_no_color_prompt_3,pick up the pen,6.0,tick matching,22,18,12,13,95,0.12,1.8,0.7,2.0,1.4,1.7,1.0,1.1,0.6,8.3,7.8,1.4,0,62,0,,,,,,,21,1.8,0.9,8.6,1.3,0.9,0,0,,,,,,
median_rtc_cap6_no_color_prompt_4,pick up the pen,6.0,tick matching,20,17,13,13,100,0.13,1.7,0.4,1.2,1.0,2.3,0.3,0.3,0.7,9.4,8.9,1.1,0,37,0,,,,,,,20,1.7,0.3,9.4,1.1,0.4,0,0,,,,,,
median_rtc_cap6_no_color_prompt_5,pick up the pen,6.0,tick matching,20,18,12,12,95,0.17,2.4,0.4,2.3,1.5,2.8,2.3,2.2,0.8,14.8,14.1,1.8,0,84,0,,,,,,,20,2.4,2.3,14.8,1.8,1.1,0,0,,,,,,
median_rtc_cap6_no_color_prompt_6,pick up the pen,6.0,tick matching,68,17,13,13,99,0.21,3.9,1.5,3.9,2.3,2.2,2.8,2.6,1.1,16.9,16.4,2.6,25,67,59,4.3,4.0,18.2,2.7,3.4,31,9,1.6,1.1,9.1,1.5,0.8,0,0,,,,,,
median_rtc_cap6_no_color_prompt_7,pick up the pen,6.0,tick matching,66,17,13,13,100,0.17,2.3,1.3,2.4,1.1,1.5,1.6,1.4,0.7,10.1,9.8,1.6,0,57,20,3.4,3.0,13.9,2.0,1.9,0,46,1.9,1.2,9.1,1.4,0.6,0,0,,,,,,
median_rtc_cap6_no_color_prompt_8,pick up the pen,6.0,tick matching,68,17,13,13,99,0.18,2.3,1.7,3.1,1.4,1.7,1.2,1.2,0.7,11.6,10.8,1.6,0,75,16,5.9,2.5,18.4,3.3,1.3,38,48,2.1,1.1,8.9,1.4,0.8,0,4,3.0,0.8,14.3,3.7,0.8,50
median_rtc_cap6_no_color_prompt_2_pens_1,pick up the pen,6.0,tick matching,47,17,13,13,100,0.02,0.3,0.2,0.2,0.3,0.2,0.2,0.2,0.2,1.7,1.4,0.5,0,39,0,,,,,,,3,6.6,7.4,22.8,4.4,5.5,38,0,,,,,,
median_rtc_cap6_no_color_prompt_2_pens_2,pick up the pen,6.0,tick matching,68,17,13,13,99,0.22,5.5,1.7,5.0,3.3,3.8,5.8,4.5,1.1,18.7,18.4,4.1,62,31,68,5.5,5.8,18.7,4.1,4.7,62,0,,,,,,,0,,,,,,
median_rtc_cap6_no_color_prompt_9,pick up the pen,6.0,tick matching,69,18,12,12,100,0.12,1.7,1.0,1.8,1.2,1.4,0.9,0.8,0.6,8.4,8.7,1.4,0,66,0,,,,,,,69,1.7,0.9,8.4,1.4,0.7,0,0,,,,,,
median_rtc_cap6_no_color_prompt_10,pick up the pen,6.0,tick matching,69,18,12,12,100,0.06,0.8,0.5,0.9,0.8,0.4,0.4,0.4,0.4,4.7,4.5,0.8,0,57,0,,,,,,,69,0.8,0.4,4.7,0.8,0.3,0,0,,,,,,
median_rtc_cap6_red_prompt_2_pens_1,pick up the red pen,6.0,tick matching,74,18,12,12,100,0.20,4.4,1.3,2.9,2.9,4.3,3.4,3.0,0.9,16.7,13.4,2.3,4,74,16,7.5,8.0,29.5,3.5,3.5,44,39,3.6,3.1,13.4,2.1,1.5,0,19,3.2,1.8,14.7,2.1,1.4,0
median_rtc_cap6_green_prompt_2_pens_1,pick up the green pen,6.0,tick matching,71,18,12,12,100,0.16,3.2,1.3,2.3,2.0,2.9,2.2,2.1,0.8,13.7,12.7,2.2,0,74,0,,,,,,,45,3.9,2.2,19.1,2.4,1.7,0,26,2.7,2.2,11.0,2.0,1.3,4
median_rtc_cap6_green_prompt_2_pens_2,pick up the green pen,6.0,tick matching,74,18,12,12,97,0.18,4.5,1.7,2.9,2.4,2.8,5.4,4.0,0.9,16.4,13.8,2.5,22,60,45,4.6,6.1,17.0,2.7,4.6,25,27,4.5,3.2,14.8,2.4,1.0,18,2,1.4,1.3,6.9,1.9,0.5,12
median_rtc_cap6_no_color_prompt_2_pens_3,pick up a pen of any color,6.0,tick matching,50,18,12,12,98,0.21,4.0,2.3,3.7,1.9,3.6,2.9,1.8,1.1,18.5,17.5,2.4,0,61,20,6.1,9.0,20.0,3.1,3.3,33,30,3.4,1.1,17.7,2.1,0.7,0,0,,,,,,
median_rtc_cap6_no_color_prompt_2_pens_4,pick up a pen of any color,6.0,tick matching,72,18,12,12,100,0.19,4.0,1.8,3.8,2.7,3.1,0.7,0.5,1.0,20.1,17.7,2.3,4,61,49,4.9,0.3,21.3,2.5,0.3,25,23,3.4,3.5,13.0,2.0,2.1,0,0,,,,,,
median_rtc_cap6_no_color_prompt_2_pens_5,pick up a pen of any color,6.0,tick matching,21,18,12,12,95,0.03,0.3,0.3,0.2,0.2,0.2,0.4,0.3,0.2,1.6,1.7,0.4,0,75,0,,,,,,,1,12.8,3.3,40.8,10.4,1.0,100,0,,,,,,
