run_dir,tag,start_time,task,inference_type,max_relative_target,display_data,strategy,n_ticks,duration_s,effective_hz,inference_median_ms,inference_max_ms,n_chunks,pct_ticks_clipped,gripper_min,gripper_close_events_policy,gripper_close_events_measured,start_pose,end_pose,tip_distance_m,tip_min_z_m,notes
20261002-161107_median_rtc,median_rtc,2026-10-02T16:11:07,pick up the red pen,rtc,4,off,base,556,18.6,29.9,375,834,50,40.5,0.1,4,3,inside,-1/-96/84/68/-23/3,0.558,-0.009,
20261002-162426_median_rtc_cap6_1,median_rtc_cap6_1,2026-10-02T16:24:26,pick up the red pen,rtc,6,on,base,861,28.8,29.9,463,924,62,47.6,0.3,1,0,inside,18/-24/41/63/-14/30,1.921,-0.001,
20261002-162852_median_rtc_cap6_no_color_prompt_1,median_rtc_cap6_no_color_prompt_1,2026-10-02T16:28:52,pick up the pen,rtc,6,on,base,857,28.8,29.7,453,871,63,11.3,0.3,1,1,inside,1/-96/84/67/-30/0,0.463,-0.001,
20261002-163730_median_rtc_cap6_no_color_prompt_2,median_rtc_cap6_no_color_prompt_2,2026-10-02T16:37:30,pick up the pen,rtc,6,off,base,864,28.9,29.8,408,841,71,33.3,0.3,6,5,inside,-3/-95/84/58/-3/0,1.818,-0.007,
20261002-164020_median_rtc_cap6_no_color_prompt_3,median_rtc_cap6_no_color_prompt_3,2026-10-02T16:40:20,pick up the pen,rtc,6,off,base,284,9.5,29.8,413,816,24,31.0,0.2,2,2,inside,2/-93/83/61/-21/21,0.428,-0.008,
20261002-164252_median_rtc_cap6_no_color_prompt_4,median_rtc_cap6_no_color_prompt_4,2026-10-02T16:42:52,pick up the pen,rtc,6,off,base,264,8.8,29.9,411,827,22,5.3,0.3,1,1,inside,5/10/30/59/-20/0,0.261,-0.016,
20261002-164608_median_rtc_cap6_no_color_prompt_5,median_rtc_cap6_no_color_prompt_5,2026-10-02T16:46:08,pick up the pen,rtc,6,off,base,254,8.5,29.9,407,926,22,18.5,0.1,2,2,inside,1/-25/36/72/-8/1,0.397,-0.009,
20261002-164908_median_rtc_cap6_no_color_prompt_6,median_rtc_cap6_no_color_prompt_6,2026-10-02T16:49:08,pick up the pen,rtc,6,off,base,864,28.9,29.8,413,836,70,41.4,0.1,2,2,inside,27/-30/40/66/-37/14,1.662,-0.013,
20261002-165255_median_rtc_cap6_no_color_prompt_7,median_rtc_cap6_no_color_prompt_7,2026-10-02T16:52:55,pick up the pen,rtc,6,off,base,866,28.9,29.9,424,821,68,15.2,0.2,5,4,inside,3/4/32/66/-26/13,1.217,-0.007,
20261002-165856_median_rtc_cap6_no_color_prompt_8,median_rtc_cap6_no_color_prompt_8,2026-10-02T16:58:56,pick up the pen,rtc,6,off,base,865,28.9,29.9,410,828,70,31.6,0.1,9,6,inside,16/-19/14/88/-36/7,1.434,-0.009,
20261002-170142_median_rtc_cap6_no_color_prompt_2_pens_1,median_rtc_cap6_no_color_prompt_2_pens_1,2026-10-02T17:01:42,pick up the pen,rtc,6,off,base,604,20.2,29.9,414,813,49,7.0,1.9,0,0,inside,0/-96/84/62/-13/3,0.289,0.037,
20261002-170744_median_rtc_cap6_no_color_prompt_2_pens_2,median_rtc_cap6_no_color_prompt_2_pens_2,2026-10-02T17:07:44,pick up the pen,rtc,6,off,base,865,28.9,29.9,411,883,70,57.3,8.4,0,0,inside,48/-45/31/79/-61/11,2.072,0.035,
20261002-171143_median_rtc_cap6_no_color_prompt_9,median_rtc_cap6_no_color_prompt_9,2026-10-02T17:11:43,pick up the pen,rtc,6,off,base,866,28.9,29.9,406,814,71,14.4,0.1,7,7,inside,16/3/31/60/-41/1,1.097,-0.010,
20261002-171442_median_rtc_cap6_no_color_prompt_10,median_rtc_cap6_no_color_prompt_10,2026-10-02T17:14:42,pick up the pen,rtc,6,off,base,865,28.9,29.9,403,835,71,10.6,0.1,4,4,inside,9/11/29/64/-20/8,0.464,-0.015,
20261002-171844_median_rtc_cap6_red_prompt_2_pens_1,median_rtc_cap6_red_prompt_2_pens_1,2026-10-02T17:18:44,pick up the red pen,rtc,6,off,base,865,28.9,29.9,379,795,76,44.7,0.3,5,5,inside,28/-13/9/78/-58/12,1.760,-0.009,
20261002-172239_median_rtc_cap6_green_prompt_2_pens_1,median_rtc_cap6_green_prompt_2_pens_1,2026-10-02T17:22:39,pick up the green pen,rtc,6,off,base,867,29.0,29.9,395,800,73,56.9,0.1,3,3,inside,-4/-49/28/69/4/5,1.683,-0.009,
20261002-172628_median_rtc_cap6_green_prompt_2_pens_2,median_rtc_cap6_green_prompt_2_pens_2,2026-10-02T17:26:28,pick up the green pen,rtc,6,off,base,866,29.0,29.9,377,789,76,31.9,0.3,1,1,inside,-7/-22/16/78/-16/13,1.527,-0.011,
20261002-173041_median_rtc_cap6_no_color_prompt_2_pens_3,median_rtc_cap6_no_color_prompt_2_pens_3,2026-10-02T17:30:41,pick up a pen of any color,rtc,6,off,base,596,19.9,29.9,383,786,52,29.7,0.6,1,1,inside,32/-27/18/83/-49/22,1.229,-0.016,
20261002-173536_median_rtc_cap6_no_color_prompt_2_pens_4,median_rtc_cap6_no_color_prompt_2_pens_4,2026-10-02T17:35:36,pick up a pen of any color,rtc,6,off,base,866,29.0,29.8,386,791,74,31.4,0.2,4,4,inside,37/5/14/69/-10/23,1.942,-0.010,
20261002-173847_median_rtc_cap6_no_color_prompt_2_pens_5,median_rtc_cap6_no_color_prompt_2_pens_5,2026-10-02T17:38:47,pick up a pen of any color,rtc,6,off,,0,,,,,0,,,,,,,,,
20261002-174626_median_rtc_cap6_no_color_prompt_2_pens_5,median_rtc_cap6_no_color_prompt_2_pens_5,2026-10-02T17:46:26,pick up a pen of any color,rtc,6,off,base,269,9.0,29.8,394,843,24,13.8,0.3,0,0,inside,1/-96/84/56/-9/0,0.171,0.037,
